{
    "accuracy": 0.7412935323383084,
    "f1_score": 0.6127659574468085,
    "roc_auc": 0.827801533356456
}